<?xml version="1.0" encoding="UTF-8"?>
<beans:beans
	xmlns="http://www.springframework.org/schema/security"
	xmlns:beans="http://www.springframework.org/schema/beans"
	xmlns:xsi="http://www.w3.org/2001/XMLSchema-instance"
	xsi:schemaLocation="http://www.springframework.org/schema/beans
    			    http://www.springframework.org/schema/beans/spring-beans-4.0.xsd
    			    http://www.springframework.org/schema/security
   			        http://www.springframework.org/schema/security/spring-security-4.0.xsd">

	<!-- spring security configuration -->
	<http auto-config="true">
		<intercept-url pattern="/admin**"
			access="hasRole('ROLE_ADMIN')" />

		<!-- user-defined login form redirection -->
		<form-login login-page="/login" default-target-url="/"
			authentication-failure-url="/login?error" />

		<!-- logout url -->
		<logout logout-success-url="/login?logout" />

		<!-- csrf disabled -->
		<csrf disabled="true" />
	</http>

	<!-- spring authentication configuration via database -->
	<authentication-manager>
		<authentication-provider>
			<jdbc-user-service data-source-ref="dataSource"
				users-by-username-query="select user_name, password, enabled from USERS where user_name = ?"
				authorities-by-username-query="select u.user_name, ur.authority from USERS u, USERS_ROLES ur where u.user_id = ur.user_id and u.user_name = ?" />
		</authentication-provider>
	</authentication-manager>

	<!-- database configuration (database = MySql) -->
	<beans:bean id="dataSource"
		class="org.springframework.jdbc.datasource.DriverManagerDataSource">
		<beans:property name="driverClassName"
			value="com.mysql.cj.jdbc.Driver" />
		<beans:property name="url"
			value="jdbc:mysql://localhost:3306/springsecuritydb" />
		<beans:property name="username" value="root" />
		<beans:property name="password" value="vijay@123" />
	</beans:bean>
</beans:beans>